<?xml version="1.0" encoding="utf-8"?>

<RelativeLayout xmlns:android="http://schemas.android.com/apk/res/android"
              style="@style/Fill"
              android:background="#C7ECF9"
              android:id="@+id/streams_container"
              >

    <LinearLayout android:orientation="horizontal"
                  android:layout_width="fill_parent"
                  android:layout_height="60dp"
                  android:id="@+id/buttons"
                  android:layout_alignParentTop="true"
            >
        <FrameLayout
            android:layout_width="0dp"
            android:layout_weight="1"
            android:layout_height="60dp"
            android:id="@+id/graph_button_container"
            >
            <TextView android:layout_width="fill_parent"
                      android:layout_height="40dp"
                      android:layout_marginRight="2dp"
                      android:gravity="center"
                      android:textStyle="bold"
                      android:textSize="24sp"
                      android:textColor="@android:color/white"
                      android:background="#0BB8F4"
                      android:text="GRAFIK"
                      android:id="@+id/graph_button"
                    />
        </FrameLayout>
        <FrameLayout
                android:layout_width="0dp"
                android:layout_weight="1"
                android:layout_height="60dp"
                android:id="@+id/heat_map_button_container"
                >
            <TextView android:layout_width="fill_parent"
                      android:layout_height="40dp"
                      android:layout_marginLeft="2dp"
                      android:gravity="center"
                      android:textStyle="bold"
                      android:textSize="24sp"
                      android:textColor="@android:color/white"
                      android:background="#0BB8F4"
                      android:text="PETA"
                      android:id="@+id/heat_map_button"
                    />
        </FrameLayout>
    </LinearLayout>
    <RelativeLayout android:layout_width="fill_parent"
                    android:layout_height="fill_parent"
                    android:layout_weight="1"
                    android:layout_above="@id/context_buttons"
            >
        <pl.llp.aircasting.view.SensorsGridView xmlns:android="http://schemas.android.com/apk/res/android"
                                                xmlns:aircasting="http://schemas.android.com/apk/res/pl.llp.aircasting"
                  style="@style/Fill"
                  android:id="@+id/sensors_grid"
                  android:numColumns="2"
                  android:padding="-6dp"
                  android:paddingTop="40dp"
                  android:stretchMode="columnWidth"
                  android:verticalSpacing="4dp"
                  android:horizontalSpacing="4dp"
                  android:fadingEdge="none"
                  android:fadingEdgeLength="0dp"
                  aircasting:bottomScrollAreaHeight="50dp"
                  aircasting:topScrollAreaHeight="50dp"
                  aircasting:dragScrollStep="10dp"
                />

        <pl.llp.aircasting.view.TouchPane android:layout_width="fill_parent"
                                          android:layout_height="fill_parent"
                                          android:id="@+id/touch_pane"
                />

    </RelativeLayout>

    <include layout="@layout/context_buttons"/>

</RelativeLayout>